time,speed,torque
7.152557373046875e-07,0.0,1.49853515625
0.5026593208312988,0.8610290976505358,0.38671875
1.005950689315796,1.0210176124166828,0.1611328125
1.5087206363677979,1.117010721276371,-0.0966796875
